Gene,Degree,Betweenness
Gene_442,16,0.019858070040856466
Gene_985,16,0.014954615907201077
Gene_651,14,0.018552250695416064
Gene_336,14,0.013596146168065886
Gene_41,13,0.014174847355301909
Gene_457,13,0.012301704139103881
Gene_565,13,0.011947477382399105
Gene_863,13,0.010465607090007472
Gene_347,13,0.0088605129722261
Gene_31,13,0.007524501543725356
