pair,hamming,p_distance,len_used
NG_017013.2-NC_060941.1,1484,0.742000,2000
NG_017013.2-NC_000017.11,2000,1.000000,2000
NC_060941.1-NC_000017.11,2000,1.000000,2000
